{
  "inputNodes": 4,
  "hiddenLayers": 2,
  "hiddenNodes": 4,
  "outputNodes": 2,
  "weights": [
    {
      "mat": {
        "type": "org.ejml.data.DMatrixRMaj",
        "data": {
          "data": [
            0.413409833194473,
            -0.04351757744946938,
            -0.36809838242319637,
            -2.5824947500620214,
            -2.4354528844444006,
            -4.027827034096505,
            0.12869845793620183,
            4.383714040995638,
            -1.8102898151703006,
            -1.8700235731359351,
            -0.9822541176069176,
            3.5678851091095822,
            -2.7165740778970884,
            2.996899571642658,
            -0.242124760268783,
            -0.04661117556650607
          ],
          "numRows": 4,
          "numCols": 4
        }
      },
      "ops": {
        "type": "org.ejml.simple.ops.SimpleOperations_DDRM",
        "data": {}
      }
    },
    {
      "mat": {
        "type": "org.ejml.data.DMatrixRMaj",
        "data": {
          "data": [
            -1.4550789472896222,
            1.7579392960307145,
            2.358391243568797,
            -3.0765283131471595,
            -2.0582824338261787,
            -0.6382868757949827,
            1.9913831401876223,
            2.017128778886515,
            -2.1169196647182216,
            -0.024575033707946704,
            -0.9006705210458518,
            -2.428236354888107,
            -0.32433469668500814,
            0.3020258578428864,
            -1.8033330874558073,
            2.8451918693530653
          ],
          "numRows": 4,
          "numCols": 4
        }
      },
      "ops": {
        "type": "org.ejml.simple.ops.SimpleOperations_DDRM",
        "data": {}
      }
    },
    {
      "mat": {
        "type": "org.ejml.data.DMatrixRMaj",
        "data": {
          "data": [
            0.399927948473085,
            -2.2816844918388632,
            -2.15546099472625,
            2.258844595665909,
            0.7935098076520956,
            -4.590914653051239,
            0.5805893026191025,
            0.8910998655711426
          ],
          "numRows": 2,
          "numCols": 4
        }
      },
      "ops": {
        "type": "org.ejml.simple.ops.SimpleOperations_DDRM",
        "data": {}
      }
    }
  ],
  "biases": [
    {
      "mat": {
        "type": "org.ejml.data.DMatrixRMaj",
        "data": {
          "data": [
            1.7112695660576955,
            -2.0345689748763593,
            1.6889908659961232,
            -0.9546008398343707
          ],
          "numRows": 4,
          "numCols": 1
        }
      },
      "ops": {
        "type": "org.ejml.simple.ops.SimpleOperations_DDRM",
        "data": {}
      }
    },
    {
      "mat": {
        "type": "org.ejml.data.DMatrixRMaj",
        "data": {
          "data": [
            -0.37868555993518793,
            -1.2289400933793289,
            -0.5920552326880133,
            -3.234508645809936
          ],
          "numRows": 4,
          "numCols": 1
        }
      },
      "ops": {
        "type": "org.ejml.simple.ops.SimpleOperations_DDRM",
        "data": {}
      }
    },
    {
      "mat": {
        "type": "org.ejml.data.DMatrixRMaj",
        "data": {
          "data": [
            0.8030814244121338,
            1.4505655589247766
          ],
          "numRows": 2,
          "numCols": 1
        }
      },
      "ops": {
        "type": "org.ejml.simple.ops.SimpleOperations_DDRM",
        "data": {}
      }
    }
  ],
  "learningRate": 0.1,
  "activationFunctionKey": "SIGMOID"
}