{
  "inputNodes": 4,
  "hiddenLayers": 2,
  "hiddenNodes": 4,
  "outputNodes": 2,
  "weights": [
    {
      "mat": {
        "type": "org.ejml.data.DMatrixRMaj",
        "data": {
          "data": [
            -2.276090864310883,
            2.21459233253274,
            -0.2841735608517816,
            -0.3394922116183746,
            -1.1438625355673668,
            2.4108595755702207,
            0.5012531811756199,
            1.365158770970426,
            1.9718414448633244,
            1.8490734259777297,
            0.7132903895203087,
            1.4197644438421197,
            -0.7031273369967319,
            -0.5653410388907726,
            1.757972543610412,
            1.4537274285550243
          ],
          "numRows": 4,
          "numCols": 4
        }
      },
      "ops": {
        "type": "org.ejml.simple.ops.SimpleOperations_DDRM",
        "data": {}
      }
    },
    {
      "mat": {
        "type": "org.ejml.data.DMatrixRMaj",
        "data": {
          "data": [
            -1.030246661740448,
            0.9263188520064409,
            -1.4930453682619278,
            0.7908465551754589,
            4.862157728116117,
            1.130273418735895,
            0.07815467166318307,
            -2.458432210100419,
            -0.5111080053298036,
            -1.041528282196919,
            -1.6022451374631759,
            1.001885855187007,
            -1.2305760590341515,
            1.3261299765679295,
            1.878944444361115,
            -0.8599562574246946
          ],
          "numRows": 4,
          "numCols": 4
        }
      },
      "ops": {
        "type": "org.ejml.simple.ops.SimpleOperations_DDRM",
        "data": {}
      }
    },
    {
      "mat": {
        "type": "org.ejml.data.DMatrixRMaj",
        "data": {
          "data": [
            -1.5924369794383662,
            0.956520701246091,
            -0.8174386662218056,
            1.4346628409828286,
            0.4793874678969371,
            -1.3711586263554625,
            0.5837012586548511,
            0.03912218683442925
          ],
          "numRows": 2,
          "numCols": 4
        }
      },
      "ops": {
        "type": "org.ejml.simple.ops.SimpleOperations_DDRM",
        "data": {}
      }
    }
  ],
  "biases": [
    {
      "mat": {
        "type": "org.ejml.data.DMatrixRMaj",
        "data": {
          "data": [
            -1.9850841189851143,
            2.51843987809086,
            -0.9789684193742776,
            0.415746279918329
          ],
          "numRows": 4,
          "numCols": 1
        }
      },
      "ops": {
        "type": "org.ejml.simple.ops.SimpleOperations_DDRM",
        "data": {}
      }
    },
    {
      "mat": {
        "type": "org.ejml.data.DMatrixRMaj",
        "data": {
          "data": [
            0.23254826963690634,
            -1.7047090676085905,
            0.8177722384925898,
            1.0828739355554617
          ],
          "numRows": 4,
          "numCols": 1
        }
      },
      "ops": {
        "type": "org.ejml.simple.ops.SimpleOperations_DDRM",
        "data": {}
      }
    },
    {
      "mat": {
        "type": "org.ejml.data.DMatrixRMaj",
        "data": {
          "data": [
            -1.8495655900580603,
            -0.007601871755602507
          ],
          "numRows": 2,
          "numCols": 1
        }
      },
      "ops": {
        "type": "org.ejml.simple.ops.SimpleOperations_DDRM",
        "data": {}
      }
    }
  ],
  "learningRate": 0.1,
  "activationFunctionKey": "SIGMOID"
}