{
  "inputNodes": 4,
  "hiddenLayers": 2,
  "hiddenNodes": 4,
  "outputNodes": 2,
  "weights": [
    {
      "mat": {
        "type": "org.ejml.data.DMatrixRMaj",
        "data": {
          "data": [
            -1.6083208361362398,
            -0.5204098099682299,
            0.2499467877904329,
            0.1942093758474388,
            0.6919497793334446,
            0.5187021686209686,
            -1.3381980868635002,
            -2.6169935823107036,
            -0.9958218578548635,
            0.5808210672174061,
            0.18996876182897382,
            0.9187564227992115,
            0.8960430448508396,
            -0.4187221584903382,
            -0.307571748182705,
            0.12446535709104461
          ],
          "numRows": 4,
          "numCols": 4
        }
      },
      "ops": {
        "type": "org.ejml.simple.ops.SimpleOperations_DDRM",
        "data": {}
      }
    },
    {
      "mat": {
        "type": "org.ejml.data.DMatrixRMaj",
        "data": {
          "data": [
            0.5885232833951992,
            0.13863542595176037,
            -1.853358639839716,
            0.46853530918607483,
            1.4088024987305545,
            0.4266017720235974,
            -0.063924946106643,
            0.5258774359577771,
            -1.3386840311846027,
            -1.5195460008444464,
            0.5516148194941504,
            -0.9832702940699984,
            -0.5816123805658524,
            0.35708832260175494,
            1.7823613753920606,
            -0.9691368756694623
          ],
          "numRows": 4,
          "numCols": 4
        }
      },
      "ops": {
        "type": "org.ejml.simple.ops.SimpleOperations_DDRM",
        "data": {}
      }
    },
    {
      "mat": {
        "type": "org.ejml.data.DMatrixRMaj",
        "data": {
          "data": [
            -0.5901732629288677,
            1.289442454359717,
            1.0946226439231077,
            1.6574480668299023,
            0.8524465422536244,
            -0.9728317996048641,
            0.01902243629085898,
            -1.3353982371142772
          ],
          "numRows": 2,
          "numCols": 4
        }
      },
      "ops": {
        "type": "org.ejml.simple.ops.SimpleOperations_DDRM",
        "data": {}
      }
    }
  ],
  "biases": [
    {
      "mat": {
        "type": "org.ejml.data.DMatrixRMaj",
        "data": {
          "data": [
            -0.712878213980209,
            -2.2850440503646503,
            0.850742673024834,
            -0.07754981617934287
          ],
          "numRows": 4,
          "numCols": 1
        }
      },
      "ops": {
        "type": "org.ejml.simple.ops.SimpleOperations_DDRM",
        "data": {}
      }
    },
    {
      "mat": {
        "type": "org.ejml.data.DMatrixRMaj",
        "data": {
          "data": [
            0.1450844564173026,
            -0.3150255412345153,
            -0.19051230139598174,
            -0.4642872913814716
          ],
          "numRows": 4,
          "numCols": 1
        }
      },
      "ops": {
        "type": "org.ejml.simple.ops.SimpleOperations_DDRM",
        "data": {}
      }
    },
    {
      "mat": {
        "type": "org.ejml.data.DMatrixRMaj",
        "data": {
          "data": [
            -0.982949845142258,
            1.1465929860950939
          ],
          "numRows": 2,
          "numCols": 1
        }
      },
      "ops": {
        "type": "org.ejml.simple.ops.SimpleOperations_DDRM",
        "data": {}
      }
    }
  ],
  "learningRate": 0.1,
  "activationFunctionKey": "SIGMOID"
}